<?xml version="1.0" encoding="UTF-8" ?>
<!DOCTYPE configuration
  PUBLIC "-//mybatis.org//DTD Config 3.0//EN"
  "http://mybatis.org/dtd/mybatis-3-config.dtd">
<configuration>
	<typeAliases>
		 <typeAlias type="com.hi.mvcProject.Servicecenter2VO" alias="service2VO"></typeAlias> 
		<typeAlias type="com.hi.mvcProject.ServicecenterfaqVO" alias="faqVO"></typeAlias>
	
	</typeAliases>

	<mappers>
		 <mapper resource="mapper/servicecenter2.xml" /> 
		 <mapper resource="mapper/servicecenterfaq.xml" /> 
	</mappers>
</configuration>




